date,project_id
2025-04-22 14:03:17,1
2025-02-13 9:27:45,2
2025-06-30 18:41:02,3
2025-01-05 22:15:33,4
2025-03-18 7:56:10,5
2025-05-11 12:29:44,6
2025-07-09 20:45:01,7
2025-02-27 3:14:38,8
2025-06-05 16:22:59,9
2025-03-01 10:08:23,10
2025-07-20 10:36:55,1
2025-07-21 19:27:33,2
2025-07-22 12:04:17,3
2025-07-23 8:48:59,4
2025-07-24 18:22:44,5
2025-07-25 20:55:01,6
2025-07-26 6:39:10,7
2025-07-27 23:15:27,8
2025-07-28 14:01:18,9
2025-07-29 11:26:49,10
2025-07-30 10:36:55,1
2025-07-31 10:36:55,2
2025-08-01 10:36:55,3
2025-01-10 8:30:42,11
2025-02-10 9:12:57,12
2025-02-15 9:12:57,13
2025-02-01 14:20:18,11
2025-03-02 9:12:20,13
2025-04-13 9:27:45,11
2025-04-22 14:03:17,14
2025-04-18 7:56:10,13
2025-03-02 18:21:57,15
2025-02-10 11:08:25,16
2025-01-28 14:19:33,17
2025-04-26 7:55:30,15
2025-03-29 20:47:13,16
2025-04-09 8:57:10,17
2025-05-11 12:29:44,15
2025-05-18 9:36:42,16
2025-06-12 22:30:48,17
2025-06-05 7:30:59,16
2025-06-30 8:41:02,17
2025-06-05 16:22:59,16
2025-06-30 18:41:02,17